anchor_id,citation_full,year,abstract,source_type,region_scope,definition_status,verbatim_definition,def_pages,def_components,typology_status,typology_summary,typology_pages,purpose_tokens,purpose_quote,purpose_pages,used_in_text,notes
GA-001,"Goodwin, H., & Santilli, R. (2009). Community-based tourism: a success? ",2009,"Pariwisata Berbasis Komunitas (CBT) sering dipromosikan sebagai alat pembangunan, namun kenyataannya banyak yang gagal akibat tata kelola buruk dan minimnya akses pasar, dengan tingkat hunian rata-rata hanya 5% yang tidak berkelanjutan.

Sebuah studi baru mengungkap diskoneksi besar mengenai definisi ""sukses"". Para ahli, seperti pendana, cenderung memprioritaskan modal sosial dan pemberdayaan (70%), sementara hanya 40% yang menekankan kelayakan komersial. Hal ini bertentangan dengan definisi akademis yang fokus pada kepemilikan dan manfaat ekonomi kolektif bagi komunitas.

Data menunjukkan masalah ini dengan jelas. Dari 116 inisiatif yang diidentifikasi para ahli sebagai ""sukses"", hanya 15 yang memenuhi definisi CBT tradisional. Dari jumlah tersebut, hanya enam yang terbukti berkelanjutan secara ekonomi. Menariknya, dua dari enam proyek sukses ini merupakan usaha patungan, yang mengindikasikan bahwa kemitraan dengan sektor swasta dapat meningkatkan keberlanjutan. Studi ini juga menemukan bahwa proyek non-CBT yang dikelola dengan baik dapat memberikan manfaat signifikan bagi komunitas, menantang gagasan bahwa CBT adalah satu-satunya model.

Kesimpulannya, istilah CBT sering digunakan secara longgar dan tidak akurat. Para pendana seharusnya menuntut bukti dampak ekonomi, keberlanjutan, dan keterlibatan komunitas yang jelas sebelum memberikan dana. Model alternatif, seperti usaha patungan dan investasi swasta yang dikelola secara profesional, terbukti dapat memberikan manfaat yang setara atau bahkan lebih besar bagi komunitas dibandingkan proyek CBT tradisional.",Classic report,"Global (multi-region cases across Africa, Asia, and the Americas)",Yes,"“CBT can therefore be defined as tourism owned and/or managed by communities and intended to deliver wider community benefit.” (What is community-based tourism?, p.12)",p.12 (What is community-based tourism?),GOV|OWN,Partial,Lists initiative types: individual/household benefits; collective benefits; community-wide distribution; conservation with community &amp; collective benefits; joint ventures; community-owned/managed; private sector with community benefits; local product networks; community enterprise within co-operatives; private sector in community-owned reserves.,pp.23–24,DEV|SUS|LIV,"“Community-based tourism has, for over three decades, been promoted as a means of development whereby the social, environmental and economic needs of local communities are met through the offering of a tourism product.” (Executive Summary, p.4)",p.4 (Executive Summary),No,"ICRT Occasional Paper 11 (2009) by Goodwin &amp; Santilli; widely cited critical review linking CBT, development and conservation; strong emphasis on viability and donor-dependency."
GA-002,"Suansri, P. (2003). Community based tourism handbook. Responsible Ecological Social Tour-REST Bangkok. ",2003,"Buku panduan ini menguraikan Pariwisata Berbasis Komunitas (CBT) sebagai sebuah alat pembangunan holistik yang dimiliki dan dikelola oleh komunitas, bukan sekadar sebagai aktivitas bisnis yang mengejar keuntungan. Prinsip utamanya adalah menggunakan pariwisata untuk mencapai tujuan pembangunan yang lebih luas, seperti pelestarian lingkungan dan budaya, peningkatan kualitas hidup, serta pemberdayaan sosial dan ekonomi masyarakat setempat.

Berdasarkan pengalaman lapangan, buku ini berfungsi sebagai panduan praktis dan komprehensif bagi para fasilitator untuk mendampingi komunitas dalam mengembangkan CBT secara partisipatif. Panduan ini mencakup seluruh proses secara sistematis, mulai dari tahap awal seperti memahami prinsip dasar, memilih destinasi yang tepat, dan melakukan studi kelayakan. Tahap selanjutnya membahas perencanaan strategis, termasuk penetapan visi bersama, pembentukan organisasi pengelola, perancangan program wisata, dan penentuan harga yang adil.

Buku ini juga memberikan panduan implementasi praktis mengenai teknik pemanduan interpretatif, strategi pemasaran yang bertanggung jawab, serta metode monitoring dan evaluasi untuk memastikan keberlanjutan jangka panjang. Ditekankan bahwa CBT bukanlah solusi instan dan dapat menimbulkan dampak negatif jika tidak dikelola dengan hati-hati. Oleh karena itu, membangun kapasitas dan memastikan komunitas memiliki kendali penuh atas proses pengembangan adalah kunci utama keberhasilan, yang juga menuntut kerja sama efektif dengan berbagai pemangku kepentingan dan pembentukan jaringan yang kuat.",NGO guide,Thailand,Yes,"CBT is tourism that takes environmental, social, and cultural sustainability into account. It is managed and owned by the community, for the community, with the purpose of enabling visitors to increase their awareness and learn about the community and local ways of life (REST, 1997).","Chapter 1, 2.3 The Definition of Community Based Tourism (CBT), p.14",OWN|GOV|LIV|HER|NAT|EXP|SUS,Partial,"Compares CBT with Ecotourism, Short Visits, and Homestay (Tables 1-1 to 1-3); lists principles and elements of CBT; outlines multiple carrying capacity types but no formal class taxonomy.","Chapter 1, pp.16–19; Chapter 7 (Carrying Capacity), pp.73–75",DEV|SUS|CUL,CBT is intended as a tool for community development and environmental conservation.,"Chapter 1, 4. CBT and Community Development, p.20",No,REST’s widely cited CBT handbook; includes practical tools and principles developed from Thai fieldwork
GA-003,"Asker, S., Boronyak, L., Carrard, N., & Paddon, M. (2010). Effective community based tourism. Apec tourism working group. ",2010,"Buku panduan ini menyajikan praktik terbaik (best practice) untuk pengembangan Pariwisata Berbasis Komunitas (CBT) yang efektif, dengan fokus pada pengelolaan oleh komunitas lokal di area pedesaan dan regional. Dihasilkan oleh University of Technology, Sydney untuk APEC Tourism Working Group, manual ini bukanlah buku petunjuk teknis yang kaku, melainkan sebuah panduan gambaran besar yang mengidentifikasi isu-isu dan pertanyaan kunci bagi para pengembang CBT.

Tujuannya adalah meningkatkan kesadaran di negara-negara APEC mengenai peluang CBT sebagai sarana pembangunan sosial, ekonomi, dan lingkungan. Panduan ini ditujukan bagi perencana, pengelola, lembaga pemerintah, LSM, organisasi pariwisata, dan pemimpin komunitas yang terlibat dalam perencanaan atau pengawasan CBT.

Secara unik, manual ini disusun menggunakan metafora 'kepingan-kepingan puzzle'. Setiap bab mewakili satu tema krusial yang saling terkait, namun tidak harus diselesaikan dalam urutan yang linear. Pendekatan ini menekankan bahwa tidak ada satu formula tunggal untuk CBT yang sukses; praktik terbaik harus disesuaikan dengan konteks dan keadaan unik setiap komunitas.

Tema-tema utama yang dibahas meliputi penilaian potensi dan persiapan awal, struktur manajemen dan sistem, strategi pendanaan dan pembagian manfaat, pengembangan kapasitas lokal, pemasaran produk, serta membangun hubungan dengan pemangku kepentingan. Manual ini juga memberikan perhatian khusus pada potensi pengembangan pariwisata panas bumi (thermal tourism) dan merujuk pada 17 studi kasus internasional sebagai contoh nyata.",IGO toolkit,Regional (APEC economies),Yes,"CBT is commonly understood to be managed and owned by the community, for the community. It is a form of ‘local’ tourism, favouring local service providers and suppliers and focused on interpreting and communicating the local culture and environment.",p. 2,TERR|GOV|OWN|LIV|HER|NAT|EXP|SUS,No,NA,NA,DEV|LIV|SUS,"The overall objective of this manual is to increase awareness in APEC economies of the opportunities for CBT as a vehicle for social, economic and environmental development.",p. 9,No,"A best practice manual for APEC economies, produced by the Institute for Sustainable Futures, providing guidance on planning and implementing CBT based on international case studies."
GA-004,"Baktygulov, S., & Raeva, D. (2010). Creating value for all: Community-based tourism. GIM Case Study(B058). ",2010,"Pariwisata Berbasis Komunitas (CBT) diperkenalkan di Kirgizstan pada tahun 2000 oleh NGO Swiss, Helvetas, sebagai strategi untuk pengentasan kemiskinan di pedesaan. Dimulai dengan satu kelompok perintis di desa Kochkor, model ini berkembang pesat hingga kini mencakup 18 organisasi CBT di seluruh negeri.

Tujuan utama inisiatif ini adalah mempromosikan ekowisata berkelanjutan yang menghasilkan pendapatan bagi keluarga pedesaan sekaligus melestarikan warisan alam dan budaya. Layanan utama yang ditawarkan meliputi pemesanan akomodasi homestay dan yurta (tenda nomaden), paket trekking, tur berpemandu, serta penjualan kerajinan tangan. Untuk mengoordinasikan kegiatan ini, kelompok-kelompok lokal membentuk asosiasi nasional, Kyrgyz Community-Based Tourism Association (KCBTA), pada tahun 2003 untuk menyediakan pemasaran dan pelatihan.

Pengembangan model bisnis ini menghadapi empat tantangan utama. Pertama, kurangnya keterampilan dan pengetahuan diatasi melalui program pelatihan intensif. Kedua, rendahnya kesadaran pasar ditangani dengan kampanye pemasaran untuk membangun kepercayaan. Ketiga, keterbatasan akses modal bagi warga lokal dimitigasi dengan pembentukan dana bergulir (revolving fund) berbunga rendah. Tantangan terakhir yang masih belum teratasi adalah infrastruktur fisik yang buruk, yang membutuhkan intervensi pemerintah dan donor.

Saat ini, CBT secara langsung melibatkan 350 keluarga (sekitar 1400 orang) dan terus berkembang. Dampaknya terasa lebih luas, terbukti dari meningkatnya standar hidup di pedesaan, berkurangnya migrasi ke kota, dan tumbuhnya bisnis pendukung seperti kafe, taksi, dan toko lokal.",Classic report,Kyrgyzstan,Yes,Community-based tourism - a type of tourism that is owned and managed by the local community. ,"Executive Summary, p.2",OWN|GOV,No,NA,NA,SUS|LIV|CUL,"The main objective of CBT groups in Kyrgyzstan is to promote sustainable Community-based ecotourism services that offer tourists unique experiences, generate incomes for rural families and preserve the natural and cultural heritage of the country. ","Executive Summary, p.2",No,UNDP 'Creating Value for All' case; Helvetas introduced CBT; KCBTA umbrella established 2003
GA-005,"Nelson, F. (2004). The evolution and impacts of community-based ecotourism in northern Tanzania (Vol. 131). International Institute for environment and development London. ",2004,"Ekowisata memiliki peran sentral dalam konservasi dan pembangunan pedesaan di Afrika sub-Sahara, khususnya di Tanzania. Meskipun termasuk negara miskin secara ekonomi, Tanzania sangat kaya akan keanekaragaman hayati dan telah menjadikan pariwisata sebagai sektor ekonomi utama. Pendapatan pariwisata meroket dari US65jutapadatahun1990menjadiUS725 juta pada tahun 2001, dan pemerintah secara aktif mendorongnya sebagai strategi kunci untuk pengentasan kemiskinan.

Dalam dekade terakhir, pariwisata di Tanzania utara telah berekspansi pesat dari taman nasional ke lahan-lahan milik komunitas. Fenomena ini mendorong munculnya banyak perjanjian komersial antara komunitas lokal dan operator swasta, menciptakan peluang ekonomi baru bagi masyarakat pedesaan.

Namun, makalah ini menyoroti tantangan fundamental yang muncul. Kemampuan masyarakat lokal untuk mendapatkan manfaat dari ekowisata sering kali terancam oleh persaingan dari pihak-pihak luar yang juga ingin mengembangkan pariwisata berbasis satwa liar di lahan yang sama. Konflik atas kontrol sumber daya ini menunjukkan adanya masalah tata kelola (governance) yang serius dalam pengelolaan sumber daya alam berbasis komunitas.

Studi ini mengkaji tiga tema utama: meningkatnya peluang finansial dari pariwisata, tantangan institusional terkait kontrol sumber daya alam, dan kapasitas lokal yang bervariasi dalam mengelola usaha ekowisata secara efektif. Melalui analisis tiga studi kasus di desa-desa Tanzania utara, makalah ini menegaskan bahwa tata kelola yang baik adalah faktor krusial untuk memastikan ekowisata dapat mencapai tujuan ganda, yaitu konservasi lingkungan dan peningkatan kesejahteraan masyarakat.",Classic report,Tanzania,Yes,"“This paper defines ecotourism as ‘responsible travel to natural areas that conserves the environment and improves the well-being of local people’ (The Ecotourism Society, 2004). Community-based tourism refers more specifically to tourism activities or enterprises that involve local communities, occur on their lands, and are based on their cultural and natural assets and attractions. Community-based ecotourism is therefore community-based tourism which focuses on travel to areas with natural attractions (rather than, say, urban locales), and which contributes to environmental conservation and local livelihoods.”","Box 1, p.3",NAT|SUS|LIV|OWN|HER,No,NA,NA,DEV|SUS|LIV,“There are strong arguments in support of ecotourism playing a central role in conservation and rural development in sub-Saharan Africa.”,p.1,No,IIED Issue Paper 131 (2004) with three Tanzanian village case studies; includes explicit CBET definition.
GA-006,"Mitchell, J., & Muckosy, P. (2008). A misguided quest: Community-based tourism in Latin America. Overseas Development Institute. ",2008,"Artikel opini ini berargumen bahwa antusiasme terhadap Pariwisata Berbasis Komunitas (CBT) sebagai solusi pengentasan kemiskinan di Amerika Latin adalah keliru dan sering kali kontraproduktif. Meskipun dipromosikan sebagai model ideal dengan kepemilikan kolektif, bukti di lapangan menunjukkan bahwa CBT jarang berhasil meringankan kemiskinan secara berkelanjutan.

Kegagalan CBT disebabkan oleh dua faktor utama. Pertama, model ini tidak layak secara finansial. Banyak proyek CBT memiliki tingkat hunian sangat rendah (sekitar 5%) dan cenderung runtuh begitu dana dari donor berhenti. Penyebabnya adalah buruknya akses pasar dan asumsi keliru dari lembaga pembangunan bahwa masyarakat miskin tidak dapat berpartisipasi dalam pasar komersial. Kedua, tata kelola kolektif sering kali tidak efisien. Struktur manajemen yang dipaksakan dari luar dapat berbenturan dengan otoritas tradisional, memperkuat struktur kekuasaan yang ada, dan ironisnya, sering kali tidak benar-benar partisipatif.

Solusinya bukanlah menciptakan pariwisata ""alternatif"" yang terisolasi, melainkan menghubungkan komunitas lokal dengan industri pariwisata mainstream yang sudah mapan. Mendapatkan sebagian kecil dari pasar pariwisata utama yang besar dan berkelanjutan sering kali memberikan dampak ekonomi yang jauh lebih signifikan dan tahan lama daripada memiliki 100% proyek CBT yang kecil dan rapuh.

Untuk itu, para praktisi pembangunan harus fokus menghilangkan hambatan akses pasar dengan cara bekerja sama dengan sektor swasta, menyediakan pelatihan keterampilan (seperti bahasa atau teknis) bagi masyarakat lokal untuk mengakses pekerjaan, dan memastikan mereka memiliki suara dalam proses kebijakan pariwisata yang lebih luas.",Classic report,Regional (Latin America and the Caribbean),Partial,"CBT is based on the notion that a sophisticated service sector, like tourism, is best managed by a large group of community members. The agricultural sector abandoned this idea after disastrous flirtations with collectivisation initiatives in the 1960s and 1970s. The tourism sector has yet to fully learn these lessons.",Box 1,GOV|OWN,No,NA,NA,DEV|LIV,"Tourism can help reduce poverty in Latin America, but community-based tourism is not the answer. Instead, communities should be helped to access mainstream tourism markets.",Front-page header,No,ODI Opinion critiquing CBT; advocates linkages to mainstream tourism; Latin America focus.
GA-007,"Tasci, A. D., Semrad, K. J., & Yilmaz, S. S. (2013). Community basted tourism: Finding the equilibrium in the COMCEC context. ",2013,"Studi ini mengevaluasi potensi Pariwisata Berbasis Komunitas (CBT) sebagai alat pembangunan pedesaan dan pengentasan kemiskinan di negara-negara anggota Organisasi Kerja Sama Islam (COMCEC). Meskipun memiliki potensi pariwisata yang besar, banyak negara anggota—termasuk 21 negara tertinggal (LDC)—belum dapat memanfaatkannya secara maksimal akibat kendala infrastruktur, tenaga kerja, dan strategi pemasaran yang lemah.

CBT diusulkan sebagai model yang dapat memberikan pendapatan langsung kepada komunitas lokal sambil melestarikan aset budaya dan lingkungan. Namun, penerapan CBT di wilayah COMCEC menghadapi tantangan unik. Keragaman geografis dan budaya Islam yang menjadi ciri khas wilayah ini menuntut strategi yang dapat menyeimbangkan otentisitas lokal dengan ekspektasi turis global, yang mayoritas berasal dari negara Barat, untuk menghindari potensi gesekan budaya.

Untuk mengatasi tantangan ini, studi ini merekomendasikan pendekatan ganda: standardisasi di tingkat regional dan kustomisasi di tingkat destinasi. Kerangka kerja utama yang diusulkan adalah destination branding (pencitraan destinasi) untuk memastikan setiap proyek CBT memiliki identitas yang kuat dan kompetitif di pasar global.

Berdasarkan analisis konten literatur dan informasi langsung dari otoritas pariwisata, laporan ini disusun dalam lima bagian. Bagian tersebut mencakup konsep dasar CBT, langkah-langkah pengembangan dengan pendekatan pemasaran, studi kasus global, studi kasus spesifik dari negara anggota COMCEC, dan diakhiri dengan faktor kunci keberhasilan beserta rekomendasi kebijakan yang konkret.",Policy framework,Regional — COMCEC (OIC) member countries across multiple continents,Yes,"CBT is a tourism that is planned, developed, owned and managed by the community for the community, guided by collective decision-making, responsibility, access, ownership and benefits.",Section 1.5 (p. 9),GOV|OWN|LIV,No,NA,NA,DEV|RES|GOV,This study is conducted upon the request of the COMCEC Coordination Office in order to increase awareness on the CBT and evaluate the CBT potential in the COMCEC region.,Introduction (p. 1),No,COMCEC/OIC policy study synthesizing CBT definitions and offering recommendations.
GA-008,"Brundtland, G. H. (1987). Our common future world commission on environment and developement. ",1987,"Intisari dari Laporan Brundtland, yang berjudul asli ""Our Common Future"" (1987), adalah pengenalan dan pemantapan konsep pembangunan berkelanjutan (sustainable development).

Definisi paling krusial dari laporan ini adalah: ""pembangunan yang memenuhi kebutuhan generasi sekarang tanpa mengorbankan kemampuan generasi mendatang untuk memenuhi kebutuhan mereka sendiri.""

Laporan ini menyediakan kerangka kerja filosofis yang mendasarinya.

Relevansinya dengan CBT
Keseimbangan Tiga Pilar: Laporan Brundtland menekankan bahwa pembangunan sejati harus menyeimbangkan tiga pilar utama: pertumbuhan ekonomi, perlindungan lingkungan, dan kesetaraan sosial. Dalam konteks CBT, ini berarti sebuah proyek tidak bisa dianggap berhasil jika hanya menghasilkan keuntungan finansial (ekonomi) tetapi merusak lingkungan (lingkungan) atau jika keuntungannya hanya dinikmati oleh segelintir elite desa (ketidaksetaraan sosial).

Perspektif Jangka Panjang: Konsep ""generasi mendatang"" memaksa CBT untuk berpikir di luar keuntungan jangka pendek. Sebuah komunitas tidak dapat mengeksploitasi sumber daya alam dan budayanya habis-habisan untuk turis hari ini, karena tindakan itu akan menghancurkan aset yang sama yang dibutuhkan oleh anak-cucu mereka untuk bertahan hidup dan melanjutkan usaha pariwisata di masa depan.

Keterkaitan Erat Ekonomi dan Ekologi: Laporan ini secara fundamental menolak gagasan bahwa pertumbuhan ekonomi dan perlindungan lingkungan adalah dua hal yang bertentangan. Untuk CBT, ini berarti lingkungan yang lestari dan budaya yang otentik bukanlah beban, melainkan aset ekonomi utama. Merusak aset tersebut sama dengan menghancurkan fondasi bisnis pariwisata itu sendiri.

Laporan Brundtland memberikan argumen inti mengapa CBT harus dirancang agar layak secara ekonomi, bertanggung jawab secara ekologis, dan adil secara sosial agar dapat bertahan lama.",Classic report,Global,Yes,Sustainable development is development that meets the needs of the present without compromising the ability of future generations to meet their own needs.,"Chapter 2: 'Towards Sustainable Development' — I. The Concept of Sustainable Development, para 1",SUS,No,NA,NA,SUS|DEV,[The Commission was asked] to propose long-term environmental strategies for achieving sustainable development,Chairman's Foreword,No,Brundtland Report; foundational and widely cited definition of sustainable development.
GA-009,"Hamzah, A., & Khalifah, Z. (2009). Handbook on Community Based Tourism:"" how to Develop and Sustain CBT"". APEC Secretariat. ",2009,"Buku panduan ini dirumuskan berdasarkan studi yang didanai oleh APEC untuk mengubah Pariwisata Berbasis Komunitas (CBT) dari sekadar model pembangunan alternatif menjadi alat pembangunan formal. Tujuannya adalah untuk menjawab kurangnya data mengenai kelayakan ekonomi jangka panjang dari inisiatif CBT, yang sebelumnya sering kali bersifat sporadis dan dipimpin oleh LSM.

Rekomendasi di dalamnya didasarkan pada temuan dari 10 studi kasus sukses di negara anggota APEC, termasuk Indonesia, Malaysia, Australia, dan Vietnam. Kasus-kasus ini sengaja dipilih untuk mewakili berbagai jenis inisiator, mulai dari pemerintah, LSM, industri, hingga komunitas itu sendiri, untuk mendapatkan gambaran yang komprehensif.

Temuan kunci dari studi ini adalah bahwa pendekatan untuk memulai sebuah proyek CBT berbeda secara fundamental dengan pendekatan untuk melestarikannya. Seiring dengan kematangan sebuah proyek, ketergantungan pada donor atau pemerintah harus dikurangi. Untuk itu, proyek CBT harus berevolusi dan mengadopsi model bisnis yang lebih canggih agar dapat ""naik kelas"" dalam rantai nilai pariwisata dan berkelanjutan secara ekonomi.

Berdasarkan temuan ini, buku panduan ini menawarkan model sembilan langkah yang fleksibel. Langkah 1-4 berfokus pada tahap pengembangan awal, sementara Langkah 5-9 dirancang untuk keberlanjutan proyek yang sudah matang. Ditujukan bagi pemerintah, perencana, dan pemimpin komunitas, panduan praktis ini bertujuan untuk membina inisiatif CBT agar dapat menjadi produk pariwisata arus utama (mainstream).",IGO toolkit,Regional (APEC member economies),Yes,"Community based tourism (CBT) is a community development tool that strengthens the ability of rural communities to manage tourism resources while ensuring the local community's participation[cite: 150]. CBT can help the local community in generating income, diversifying the local economy, preserving culture, conserving the environment and providing educational opportunities[cite: 151].",p. 4 [cite: 142],TERR|GOV|OWN|LIV|HER|NAT|EXP|SUS,Yes,"Classifies CBT projects by initiator: Government-initiated, NGO-initiated, Industry-initiated, and Community-initiated, with examples for each from APEC economies[cite: 134, 140].",p. 3 (Table 1.1) [cite: 141],DEV|LIV|SUS,"CBT is also being recognised as a tool that strengthens the ability of rural communities to manage tourism resources while having huge potentials in generating income, diversifying the local economy, preserving culture, conserving the environment and providing educational opportunities[cite: 52].",p. vi [cite: 45],No,"A practical step-by-step handbook designed for planners and communities to develop and sustain CBT projects[cite: 55, 56]. Based on 10 APEC case studies[cite: 58]."
GA-010,WTO. (2004). Indicators of Sustainable Development for Tourism Destinations A Guidebook (English version). World Tourism Organization. ,2004,"Buku panduan ini dirancang untuk membantu para manajer pariwisata, khususnya di tingkat destinasi, dalam membuat keputusan yang lebih baik untuk mendukung pembangunan berkelanjutan. Sering kali, manajemen pariwisata berjalan dengan informasi yang tidak memadai, sehingga berisiko merusak aset lingkungan dan sosial yang menjadi daya tarik utama sebuah destinasi.

Untuk mengatasi masalah ini, panduan ini memperkenalkan penggunaan indikator sebagai alat manajemen yang krusial. Indikator adalah serangkaian informasi—baik kuantitatif maupun kualitatif—yang dipilih secara strategis untuk mengukur perubahan pada isu-isu paling penting. Fungsinya adalah sebagai sistem peringatan dini, yang memungkinkan manajer untuk mengidentifikasi risiko, mengukur dampak dari kegiatan pariwisata, dan mengevaluasi efektivitas tindakan mereka sebelum kerusakan permanen terjadi.

Proses ini didasarkan pada prinsip pariwisata berkelanjutan yang menyeimbangkan tiga pilar: kelestarian lingkungan, keaslian sosial-budaya, dan kelayakan ekonomi jangka panjang. Indikator yang baik harus relevan dengan isu-isu kunci di sebuah destinasi (seperti penggunaan air, kepuasan turis, atau rasio turis terhadap penduduk lokal) dan praktis untuk dikumpulkan serta digunakan.

Meskipun ditujukan terutama untuk manajer destinasi, buku ini juga bermanfaat bagi pemerintah, operator tur, dan peneliti. Tujuannya adalah untuk memastikan pariwisata dapat menjadi kontributor positif bagi pembangunan, bukan hanya menjadi sumber tekanan bagi lingkungan dan masyarakat lokal.",IGO toolkit,Global,Yes,"Sustainable tourism should: 1) Make optimal use of environmental resources that constitute a key element in tourism development, maintaining essential ecological processes and helping to conserve natural heritage and biodiversity. 2) Respect the socio-cultural authenticity of host communities, conserve their built and living cultural heritage and traditional values, and contribute to inter-cultural understanding and tolerance. 3) Ensure viable, long-term economic operations, providing socio-economic benefits to all stakeholders that are fairly distributed, including stable employment and income-earning opportunities and social services to host communities, and contributing to poverty alleviation.",p. 7 (Box 1.1),TERR|GOV|OWN|LIV|HER|NAT|EXP|SUS|NET,Yes,"Provides a detailed typology of tourism destinations based on geographic and product characteristics (e.g., Coastal, Small Islands, Mountain, Ecotourism, Built Heritage, Small/Traditional Communities).",pp. 247-301 (Part 4),DEV|SUS|EQU,"With good planning and management, tourism can be a positive force, bringing benefits to destinations around the world. If poorly planned and managed, tourism can be an engine for degradation.",p. 3,No,Foundational UNWTO guidebook for developing sustainable tourism indicators. Establishes a widely cited framework and a detailed menu of issues for destination-level analysis.
GA-012,"Hainsworth, D., Jamieson, W., Noakes, S., & Day, S. (2007). A toolkit for monitoring and managing community-based tourism. Hanoi: SNV Asia Pro-Poor Tourism Network, SNV Vietnam and the University of Hawaii. ",2007,"Toolkit ini menyediakan panduan praktis dan langkah-demi-langkah untuk membangun serta mengelola program pemantauan (monitoring) bagi proyek Pariwisata Berbasis Komunitas (CBT). Tujuan utamanya adalah untuk memberikan alat bagi pejabat lokal dan komunitas untuk mengukur efektivitas proyek CBT, dengan penekanan khusus pada dampaknya terhadap pengentasan kemiskinan.

Inti dari pendekatan ini adalah penggunaan indikator, yaitu alat ukur untuk menyederhanakan informasi yang kompleks. Berbeda dari indikator pariwisata konvensional (seperti jumlah kedatangan), toolkit ini memandu pengguna untuk mengembangkan indikator pariwisata berkelanjutan yang menghubungkan aktivitas turis dengan isu-isu nyata di komunitas, seperti rasio turis terhadap penduduk atau distribusi pendapatan.

Secara khusus, toolkit ini berfokus pada pemantauan empat tema krusial dalam konteks CBT:

Kesetaraan Gender dan Inklusi Sosial

Pengentasan Kemiskinan

Keberlanjutan Usaha Pariwisata

Pengembangan Kapasitas Lokal

Untuk mengimplementasikannya, toolkit ini menguraikan proses siklus pemantauan dalam delapan langkah yang jelas, mulai dari tahap perencanaan, identifikasi isu kunci, pengembangan indikator, pengumpulan data, hingga evaluasi dan adaptasi. Dengan menggunakan hasil pemantauan, komunitas dapat secara transparan memperbaiki kinerja proyek, memastikan manfaatnya benar-benar dirasakan oleh masyarakat miskin, dan mengelola pariwisata secara lebih efektif dan berkelanjutan.",NGO guide,Regional (Asia-Pacific),Yes,Community-based tourism (CBT) is a type of sustainable tourism that promotes pro-poor strategies in a community setting. CBT initiatives aim to involve local residents in the running and management of small tourism projects as a means of alleviating poverty and providing an alternative income source for community members. CBT initiatives also encourage respect for local traditions and culture as well as for natural heritage.,p. 9 (Box 5),TERR|GOV|OWN|LIV|HER|NAT|SUS,Partial,Distinguishes between two CBT models: those run by entrepreneurial families and those managed by a village cooperative or community group.,p. 9 (Box 5),DEV|LIV|EQU,CBT initiatives aim to involve local residents in the running and management of small tourism projects as a means of alleviating poverty and providing an alternative income source for community members.,p. 9 (Box 5),No,A practical toolkit focused on monitoring and evaluation (M&E) for pro-poor outcomes in CBT projects. Developed by SNV (NGO) and the University of Hawaii.
GA-015,"Ashley, C., Ashley, C., Goodwin, H., & Roe, D. (2001). Pro-poor tourism strategies: Expanding opportunities for the poor. ODI London. ",2001,"Pariwisata Pro-Masyarakat Miskin (Pro-Poor Tourism/PPT) bukanlah sebuah produk spesifik, melainkan sebuah pendekatan pariwisata yang secara sengaja dirancang untuk menghasilkan manfaat bersih bagi masyarakat miskin. Daripada hanya bertujuan memperbesar sektor pariwisata, strategi PPT fokus untuk membuka peluang bagi masyarakat miskin agar dapat memperoleh keuntungan ekonomi, meningkatkan mata pencaharian, dan terlibat dalam pengambilan keputusan.

Pendekatan ini penting karena pariwisata adalah industri besar yang memiliki karakteristik pro-kemiskinan secara alami: padat karya, inklusif bagi perempuan dan sektor informal, serta berbasis pada aset alam dan budaya yang sering kali dimiliki oleh masyarakat miskin.

Berdasarkan studi kasus di enam negara, strategi PPT terbukti efektif dalam skala lokal. Meskipun hanya sebagian kecil yang berhasil keluar dari kemiskinan, banyak yang mengalami pengurangan kerentanan ekonomi. Namun, karena inisiatifnya masih berskala kecil atau berada pada tahap awal, dampaknya di tingkat nasional belum signifikan.

Beberapa pelajaran kunci untuk keberhasilan implementasi PPT adalah:

Kelayakan komersial adalah prioritas utama. Ini menuntut fokus pada kualitas produk, pemasaran, dan kemitraan erat dengan sektor swasta.

PPT lebih dari sekadar ""pariwisata komunitas"" dan membutuhkan beragam aksi, dari tingkat mikro hingga reformasi kebijakan makro.

Produk-produk baru berbasis budaya harus diintegrasikan dengan pasar pariwisata arus utama (mainstream) agar dapat diakses oleh wisatawan.

Pada intinya, PPT memberikan fokus yang tajam pada pengentasan kemiskinan dalam agenda pariwisata berkelanjutan yang lebih luas.",Policy framework,Global,Yes,"Pro-poor tourism (PPT) is tourism that generates net benefits for the poor. PPT is not a specific product or sector of tourism, but an overall approach. Rather than aiming to expand the size of the sector, PPT strategies aim to unlock opportunities - for economic gain, other livelihood benefits, or engagement in decision-making - for the poor.",p. 1,GOV|OWN|LIV,Yes,"Categorises Pro-Poor Tourism (PPT) strategies into three types: those focused on economic benefits (business/employment), non-economic impacts (capacity building/environment), and policy/process reform (planning/partnerships).",p. 2 (Box 1),EQU|LIV|DEV,"Harnessing tourism for pro-poor growth means capitalising on these features, while reducing negative impacts on the poor.",p. 1,No,A foundational policy briefing paper defining Pro-Poor Tourism (PPT). Differentiates PPT from sustainable tourism by centring poverty reduction as the primary goal
GA-016,"Calanog, L. A., Reyes, D. P. T., & Eugenio, V. F. (2012). Making ecotourism work. A Manual on Establishing Community-based Ecotourism Enterprise (CBEE) in the Philippines. Philippines office: Japan International Cooperation Agency. ",2012,"Manual ini membahas kesenjangan dalam industri pariwisata Filipina yang sedang berkembang pesat. Meskipun ekowisata berbasis alam dan budaya menjadi pendorong ekonomi utama, masyarakat lokal sering kali tidak mendapatkan manfaat penuh. Akibatnya, karena keterdesakan ekonomi, mereka terpaksa melakukan praktik-praktik yang merusak lingkungan seperti pembalakan liar dan pengeboman ikan.

Untuk mengatasi masalah ini, manual ini bertujuan memberdayakan masyarakat lokal dengan memberikan panduan untuk mendirikan Perusahaan Ekowisata Berbasis Komunitas (CBEE). Tujuannya adalah untuk mengubah bakat, keterampilan, dan pengetahuan adat masyarakat menjadi usaha yang produktif dan berkelanjutan, sehingga mereka menjadi penerima manfaat utama dari sumber daya alam di sekitar mereka, bukan sekadar penonton.

Agar berhasil, manual ini menekankan bahwa pengembangan CBEE harus didasarkan pada empat prinsip utama:

Fleksibel: Dapat disesuaikan dengan kondisi lokal, bukan aturan yang kaku.

Partisipatif: Melibatkan komunitas secara aktif dalam setiap proses.

Berbasis Pengalaman: Menghargai dan menggunakan pengetahuan lokal dalam perencanaan.

Proaktif: Berfokus pada tujuan jangka panjang dan siap beradaptasi dengan perubahan.

Didasarkan pada kerangka Pembangunan Berkelanjutan yang menyeimbangkan aspek ekonomi, sosial, dan lingkungan, panduan ini ditujukan bagi berbagai pemangku kepentingan—mulai dari masyarakat lokal, Pemerintah Daerah (LGU), LSM, hingga investor swasta—untuk memastikan ekowisata dapat diarusutamakan secara adil dan lestari.",IGO toolkit,Philippines,Yes,CBEE is an enterprise controlled and managed by concerned local people and stakeholders in a community whose main product is to “sell” ecotourism services.,p. 187,TERR|GOV|OWN|LIV|HER|NAT|EXP|SUS,Yes,"Classifies CBEEs by operational model: Community-based (cooperative, organization, or network), Private Sector Concessions, NGO-Private Partnership, LGU-led, Academe-based, and Family-based.",pp. 305-307,DEV|LIV|SUS,"In line with this target, the need to conserve and protect the country’s biodiversity while supporting the livelihood of local communities, ecotourism is considered as an alternative approach.",p. 5,No,A practical manual for establishing community-based ecotourism enterprises in the Philippines. A JICA-supported publication with a strong 'how-to' and enterprise focus.
GA-017,"Kim, S., Park, E., & Phandanouvong, T. (2014). Barriers to local residents’ participation in community-based tourism: Lessons from Houay Kaeng Village in Laos. SHS Web of Conferences, ",2014,"Penelitian ini bertujuan untuk mengidentifikasi hambatan partisipasi masyarakat lokal dalam proses perencanaan dan pengembangan pariwisata berbasis masyarakat di negara berkembang. Dengan fokus pada kasus Desa Houay Kaeng di Provinsi Sayabouly, Laos, penelitian eksploratif kualitatif dilakukan melalui wawancara mendalam dengan anggota masyarakat lokal dari berbagai tingkatan. Hambatan utama partisipasi masyarakat lokal yang teridentifikasi dalam penelitian ini meliputi: (1) tingkat pendidikan rendah dan kurangnya pengetahuan tentang pariwisata; (2) kondisi kehidupan yang buruk dan keterbatasan dukungan finansial; (3) kesibukan rutinitas harian dan kurangnya waktu untuk berpartisipasi dalam kegiatan pariwisata; (4) persepsi masyarakat lokal bahwa pariwisata adalah bisnis musiman dengan pendapatan rendah; dan (5) ketimpangan kekuasaan, kurangnya insentif institusional, dan ketidakpercayaan masyarakat terhadap otoritas. Hasil penelitian menunjukkan bahwa hanya sebagian kecil penduduk desa yang puas dengan partisipasi mereka saat ini dan sedang berlangsung, serta menyatakan keinginan kuat untuk terus berpartisipasi dalam proses perencanaan dan pengembangan pariwisata, sementara sebagian besar penduduk tidak bersedia melakukannya di masa depan. Makalah ini juga membahas implikasi bagi pemerintah dan masyarakat terkait pengembangan pariwisata berkelanjutan berbasis masyarakat.",Classic report,Laos,Yes,"The idea of community-based sustainable tourism collectively postulates that local residents must maintain control of tourism development by being involved in setting a tourism vision and developing goals and strategies. They also need to participate in implementing strategies as well as operating tourism infrastructures, services and facilities for effective management of local resource and better distribution of the benefits of tourism development.",p. 1,TERR|GOV|OWN|LIV|SUS,No,NA,NA,DEV|LIV|SUS,...increase the contribution of tourism to poverty reduction by expanding the traditional community-based ecotourism approach.,p. 2,No,Conference paper analysing the barriers preventing local residents' participation in community-based ecotourism planning and development in Laos.
GA-018,"Leksakundilok, A. (2004). Community participation in ecotourism development in Thailand ",2004,"Ekowisata muncul pada tahun 1990-an sebagai bentuk alternatif pariwisata untuk mengurangi dampak negatif pariwisata massal dan mendukung pembangunan berkelanjutan. Sejak itu, ekowisata berkembang pesat di Thailand, tidak hanya di kawasan alami tetapi juga di komunitas pedesaan. Elemen kunci ekowisata meliputi pemanfaatan sumber daya ekologis, pengelolaan berkelanjutan, pendidikan lingkungan, dan partisipasi masyarakat. Partisipasi ini mendapat dorongan besar dari pengembang ekowisata di Thailand, sehingga ekowisata semakin diarahkan untuk mendukung pembangunan sosial. Penelitian ini bertujuan mengkaji peran partisipasi masyarakat dalam pengembangan ekowisata.
Metode yang digunakan adalah triangulasi, menggabungkan pendekatan kuantitatif dan kualitatif, termasuk teori pembelajaran komunitas dan pandangan lokal tentang keterlibatan mereka dalam pengembangan ekowisata. Penelitian ini menyoroti persepsi masyarakat terkait hak dan tanggung jawab mereka dalam pengelolaan sumber daya alam. Data dikumpulkan melalui survei pos (31 responden) dan studi mendalam di empat lokasi: Umphang, Khiriwong, Sasom, dan Tha Madua. Analisis menggabungkan teori ekonomi politik, pendekatan ekologi politik, konsep partisipasi pembangunan komunitas, dan model pengembangan.
Hasil penelitian menunjukkan banyak komunitas telah mencapai tingkat swakelola dalam menyediakan layanan wisata seperti homestay, pemandu wisata, pertunjukan budaya, dan produk budaya lainnya. Sebagian besar komunitas membentuk organisasi untuk mengelola kegiatan ini secara kolektif. Namun, praktik yang diterapkan bervariasi sesuai konteks lokal, tanpa ada satu model yang berlaku universal. Studi ini menekankan bahwa praktik terbaik adalah yang melibatkan kerja sama dalam pengambilan keputusan dengan berbagai pemangku kepentingan.",Thesis,Thailand,Partial,"Key elements of ecotourism include a focus on ecological resources, sustainable management, environmental education, and community participation.",p. ii (Abstract),NAT|SUS|GOV,Yes,"Presents a typology of community participation, discussing different levels (e.g., a 'Ladder of Participation') and various dimensions such as decision-making, implementation, and benefit sharing.",pp. 256-259,DEV|GOV|SUS,Ecotourism (ET) is seen to support this concept [community participation] and is increasingly geared in the direction of social development.,p. ii (Abstract),No,"PhD thesis analysing the transformation of ecotourism to community-based ecotourism (CBET) in Thailand, focusing on the patterns and constraints of community participation"
GA-019,"Lucchetti, V. G., & Font, X. (2013). Community based tourism: Critical success factors. ",2013,"Studi ini mengevaluasi sebuah inisiatif Pariwisata Berbasis Komunitas (CBT) di Peru untuk mengidentifikasi Faktor Penentu Keberhasilan (Critical Success Factors) yang membedakan antara proyek yang berhasil dan yang gagal. Meskipun populer di kalangan lembaga pembangunan, banyak proyek CBT di seluruh dunia gagal memberikan manfaat yang dijanjikan.

Literatur menunjukkan tiga masalah utama yang sering terjadi: ketidaklayakan finansial, buruknya akses pasar, dan tata kelola yang lemah. Banyak proyek tidak menguntungkan, terisolasi dari arus wisatawan utama, dan dijalankan dengan struktur manajemen kolektif yang tidak efektif dan tidak benar-benar partisipatif.

Daripada hanya mengukur dampak, studi ini menganalisis prasyarat yang memungkinkan keberhasilan. Fokusnya adalah pada dua area krusial:

Kelayakan Komersial: Ini mencakup integrasi dengan pasar pariwisata arus utama (mainstream), pengembangan produk yang kompetitif dan menguntungkan, serta kemitraan strategis dengan sektor swasta. Keterlibatan operator tur sejak awal dianggap penting untuk memberikan keahlian bisnis dan menjamin akses pasar.

Implementasi yang Efektif: Ini melibatkan perencanaan bisnis yang matang, adanya kapasitas serta kemauan dari komunitas untuk terlibat dalam pariwisata, dan skema pendanaan yang mendukung kemandirian jangka panjang, bukan ketergantungan pada donor.

Dengan menganalisis faktor-faktor ini secara mendalam, studi ini bertujuan untuk memberikan kerangka kerja yang lebih baik bagi para donor dan praktisi untuk menilai proyek CBT mana yang memiliki peluang nyata untuk bertahan secara finansial dan memberikan manfaat berkelanjutan.",Classic report,Global (with a case study in Peru),Yes,CBT has been used to describe a broad range of different tourism models but usually refers to tourism that involves community participation and aims to generate benefits for local communities in the developing world by allowing tourists to visit these communities and learn about their culture and the local environment.,p. 2,TERR|GOV|LIV|OWN|HER|NAT,No,NA,NA,DEV|LIV|EQU,"CBT projects are small or medium sized ventures that have the potential to generate a range of positive economic and social development impacts in rural areas, where other types of development may be inadequate.",p. 2,No,An occasional paper from the International Centre for Responsible Tourism (ICRT) that appraises a CBT initiative in Peru to identify critical success factors.
GA-020,OECD. (1994). Tourism Strategies and Rural Development. Organisation for Economic Co-operation and Development. ,1994,"Laporan OECD ini mengkaji potensi pariwisata sebagai strategi untuk mengatasi tren kemunduran di wilayah pedesaan. Selama bertahun-tahun, banyak daerah pedesaan di negara maju menghadapi masalah depopulasi, penurunan layanan publik, dan jatuhnya pendapatan dari sektor pertanian. Di sisi lain, sektor pariwisata justru mengalami pertumbuhan pesat dan telah terbukti menjadi motor penggerak ekonomi yang kuat.

Pertanyaan utamanya adalah: dapatkah potensi pertumbuhan pariwisata ini dimanfaatkan untuk pembangunan pedesaan? Laporan ini berupaya menjawabnya dengan menganalisis pengalaman dari berbagai negara anggota.

Laporan ini mendefinisikan pariwisata pedesaan bukan sekadar pariwisata yang berlokasi di desa, melainkan aktivitas yang secara fungsional dibangun di atas karakteristik unik pedesaan itu sendiri: skala usaha kecil, ruang terbuka, kontak dengan alam, dan warisan budaya. Oleh karena itu, pengembangannya harus berkelanjutan dan bertujuan untuk melestarikan karakter pedesaan, bukan meng-urbanisasinya.

Selain itu, laporan ini meluruskan dua miskonsepsi umum. Pertama, pariwisata pedesaan jauh lebih luas daripada sekadar agrowisata berbasis pertanian. Kedua, pariwisata bukanlah solusi universal untuk semua masalah yang dihadapi sektor pertanian.

Secara keseluruhan, studi ini bertujuan untuk menentukan apakah pariwisata pedesaan benar-benar mampu menciptakan lapangan kerja dan menarik modal ke pedesaan, apa saja potensi kerugiannya, serta peran apa yang harus diambil oleh pemerintah untuk memandunya secara efektif.",Classic report,Global (OECD countries),Yes,"Rural tourism should be: Located in rural areas; Functionally rural, built upon the rural world’s special features: small scale enterprise, open space, contact with nature and the natural world, heritage, ""traditional"" societies and ""traditional"" practices; Rural in scale -- both in terms of buildings and settlements -- and, therefore, usually small scale; Traditional in character, growing slowly and organically, and connected with local families. It will often be very largely controlled locally and developed for the long term good of the area; Sustainable...Of many different kinds, representing the complex pattern of rural environment, economy, and history.",p. 13,TERR|GOV|OWN|LIV|HER|NAT|EXP|SUS,Yes,"Presents a continuum-based classification of holiday types, ranging from 'specifically rural' (e.g., walking, climbing, adventure holidays) to 'specifically urban/resort based' (e.g., city sightseeing, shopping, high-intensity beach holidays), with a broad intermediate category.",pp. 15-16,DEV|LIV|SUS,"It was therefore important to determine whether tourism’s growth potential could be harnessed as a strategy for rural development, in particular by drawing upon resurgent interest in the countryside, its traditional way of life, and landscapes and the architectural heritage, referred to as amenities.",p. 4,No,"An early, influential OECD report defining rural tourism and outlining its potential as a strategy for rural development and regeneration. It establishes a conceptual framework and discusses market trends, benefits, and problems"
GA-021,"United Nations. (2015). Resolution adopted by the General Assembly on 11 September 2015. New York: United Nations, 14. ",2015,"Inti dari agenda ini adalah 17 Tujuan Pembangunan Berkelanjutan atau Sustainable Development Goals (SDGs), yang memiliki 169 target terukur. Tujuan-tujuan ini bersifat terpadu dan tidak dapat dipisahkan, mencakup tiga pilar utama pembangunan berkelanjutan: ekonomi, sosial, dan lingkungan. Berbeda dari pendahulunya (MDGs), SDGs berlaku secara universal untuk semua negara, baik negara maju maupun berkembang.

Agenda ini dibangun di atas lima pilar fundamental yang dikenal sebagai 5P:

People (Manusia): Mengakhiri kemiskinan dan kelaparan serta memastikan martabat dan kesetaraan.

Planet (Bumi): Melindungi planet dari degradasi untuk generasi sekarang dan mendatang.

Prosperity (Kesejahteraan): Memastikan semua orang dapat menikmati kehidupan yang sejahtera dan memuaskan.

Peace (Perdamaian): Mendorong masyarakat yang damai, adil, dan inklusif.

Partnership (Kemitraan): Memobilisasi kemitraan global untuk mencapai tujuan ini.

Secara keseluruhan, Agenda 2030 adalah komitmen bersama untuk mengatasi tantangan global yang paling mendesak, mulai dari perubahan iklim hingga ketidaksetaraan, dengan prinsip utama ""tidak meninggalkan seorang pun"" (leaving no one behind).",Policy framework,Global,Partial,"They are integrated and indivisible and balance the three dimensions of sustainable development: the economic, social and environmental.",p. 3,SUS|EQU|LIV|NAT,Yes,"The document presents the 17 Sustainable Development Goals (SDGs) as a universal framework, covering areas like poverty, hunger, health, education, gender equality, clean water, energy, economic growth, and environmental protection.",pp. 14-28,DEV|SUS|EQU,"We recognize that eradicating poverty in all its forms and dimensions, including extreme poverty, is the greatest global challenge and an indispensable requirement for sustainable development.",p. 3,No,The foundational UN resolution outlining the 17 Sustainable Development Goals (SDGs) for 2030. It provides the overarching global framework for sustainable development.
GA-022,"United Nations, D. o. E., & Social, A. (2019). The Sustainable Development Goals Report 2019 (978-92-1-101403-7). https://unstats.un.org/sdgs/report/2019/The-Sustainable-Development-Goals-Report-2019.pdf",2019,"Berdasarkan Laporan Tujuan Pembangunan Berkelanjutan (SDG) 2019, empat tahun setelah adopsi Agenda 2030, kemajuan global masih belum merata dan tantangan besar tetap ada. Laporan ini menyoroti area-area yang memerlukan perhatian dan tindakan segera.

Dua isu paling mendesak adalah perubahan iklim dan meningkatnya ketidaksetaraan. Emisi gas rumah kaca yang mencapai rekor tertinggi mengancam kenaikan suhu global hingga 1,5°C, yang akan memicu dampak katastrofik dan permanen seperti cuaca ekstrem, naiknya permukaan laut, dan krisis pangan. Dampak ini akan paling dirasakan oleh kelompok masyarakat miskin. Sementara itu, ketidaksetaraan semakin parah, dengan kemiskinan, kelaparan, dan penyakit terkonsentrasi di negara-negara termiskin. Kelompok rentan seperti perempuan, pemuda, dan mereka yang tinggal di negara rapuh secara tidak proporsional menanggung beban terbesar.

Laporan ini menegaskan bahwa karena semua tantangan ini saling terkait, solusinya juga harus terintegrasi. Upaya mengatasi perubahan iklim melalui energi bersih, misalnya, dapat dipercepat dengan mempromosikan pertanian berkelanjutan yang juga mengurangi kemiskinan dan kelaparan.

Namun, kemajuan terhambat oleh kurangnya data yang akurat dan tepat waktu, terutama untuk kelompok-kelompok terpinggirkan, yang membuat mereka ""tak terlihat"". Investasi yang lebih besar dalam sistem data statistik nasional sangat dibutuhkan untuk pengambilan kebijakan yang efektif.

Pada akhirnya, laporan ini menyerukan bahwa tantangan global memerlukan solusi global. Aksi multilateral dan kerja sama internasional menjadi lebih penting dari sebelumnya. Masih ada waktu untuk mencapai target SDG jika kita bertindak sekarang dan bersama-sama.",Classic report,Global,No,NA,NA,NA,No,NA,NA,DEV|LIV|EQU,"Sustained and inclusive economic growth can drive progress, create decent jobs for all and improve living standards.",p. 38,No,"UN's official 2019 progress report on the SDGs. Provides a high-level framework and global targets that inform the purpose of sustainable development initiatives, including tourism."
GA-024,"Chambers, R., & Conway, G. (1991). Sustainable rural livelihoods: practical concepts for the 21st century. ",1991,"Makalah ini memperkenalkan konsep mata pencaharian berkelanjutan (sustainable livelihoods) sebagai kerangka kerja untuk menghadapi tantangan pembangunan pedesaan di abad ke-21, terutama dengan proyeksi lonjakan populasi global. Konsep ini mengkritik pendekatan konvensional yang terlalu fokus pada 'produksi', 'lapangan kerja' formal, dan 'garis kemiskinan'—yang dianggap gagal menangkap realitas kompleks kehidupan masyarakat pedesaan.

Sebuah mata pencaharian (livelihood) didefinisikan sebagai gabungan dari kapabilitas, aset (baik yang berwujud seperti sumber daya, maupun tak berwujud seperti akses dan klaim), serta aktivitas yang dibutuhkan untuk hidup. Mata pencaharian dianggap berkelanjutan jika mampu:

Mengatasi dan pulih dari guncangan dan tekanan (shocks and stresses).

Memelihara atau meningkatkan aset dan kapabilitasnya untuk generasi mendatang.

Memberikan manfaat bersih bagi mata pencaharian lainnya, baik di tingkat lokal maupun global.

Konsep ini didasarkan pada tiga pilar fundamental: kapabilitas (apa yang mampu dilakukan dan dimiliki seseorang), kesetaraan (distribusi aset dan peluang yang adil), dan keberlanjutan (baik secara lingkungan maupun sosial).

Secara praktis, makalah ini mendorong kebijakan yang berfokus pada peningkatan kapabilitas, perbaikan kesetaraan, dan penguatan keberlanjutan sosial bagi masyarakat miskin. Untuk riset, prioritasnya adalah memahami dinamika populasi, intensitas pemanfaatan sumber daya dalam sistem pertanian kecil, dan faktor-faktor yang mempengaruhi migrasi. Pada intinya, makalah ini menyerukan pergeseran paradigma dari model pembangunan yang reduksionis ke pendekatan yang lebih holistik dan berorientasi pada masa depan.",Classic report,Global (focus on developing countries),Yes,"a livelihood comprises the capabilities, assets (stores, resources, claims and access) and activities required for a means of living: a livelihood is sustainable which can cope with and recover from stress and shocks, maintain or enhance its capabilities and assets, and provide sustainable livelihood opportunities for the next generation; and which contributes net benefits to other livelihoods at the local and global levels and in the short and long term.",p. 6,LIV|SUS|RES,No,NA,NA,DEV|LIV|SUS,The purpose of this paper is to provoke discussion by exploring and elaborating the concept of sustainable livelihoods.,p. 1,No,"Foundational IDS discussion paper that elaborates the concept of sustainable rural livelihoods, based on capability, equity, and sustainability."
GA-025,UN Tourism. (2025). Areas of Evaluation (2025 edition). Best Tourism Villages by UN Tourism. https://tourism-villages.unwto.org/wp-content/uploads/2025/02/areas-of-evaluation-EN-2025.pdf,2025,Outlines the official evaluation areas and guiding questions used to assess candidate villages in the BTV programme (2025 edition).,IGO toolkit,Global,No,NA,NA,NA,Yes,"Nine structured Areas of Evaluation used to benchmark candidate villages (e.g., Cultural & Natural Resources; Infrastructure & Connectivity; Health, Safety & Security; plus governance/market/social–environmental dimensions operationalised via itemised prompts).",2025 edition (pdf),DEV|SUS|GOV|EQU,"Used to benchmark villages against multi-dimensional criteria linking development, sustainability, governance, and equity.",NA,Introduction; LR (policy/benchmark frameworks),Excluded from PRISMA counts/statistics; conceptual benchmarking only. :contentReference[oaicite:0]{index=0}
GA-026,UN Tourism. (2025). Terms and Conditions (2025 edition). Best Tourism Villages by UN Tourism. https://tourism-villages.unwto.org/wp-content/uploads/2025/02/Terms-and-Conditions_EN_2025.pdf,2025,"Sets out eligibility, submission rules, recognition modalities and compliance framework for the 2025 BTV call.",Policy framework,Global,Partial,"UN Tourism promotes tourism as a driver of economic growth, inclusive development and environmental sustainability…",§1.2 (pdf),DEV|SUS,Yes,"Operational provisions defining applicant eligibility, roles, recognition categories and compliance requirements for BTV.",Full document (pdf),DEV|GOV|SUS,"Frames BTV as a recognition mechanism aligned with economic, social and environmental aims.",NA,Introduction; LR (policy/benchmark frameworks),Excluded from PRISMA counts/statistics; conceptual/legal framing only. :contentReference[oaicite:1]{index=1}
GA-027,UN Tourism. (2025). Guidelines for Application: Best Tourism Villages (2025 Edition).,2025,Practical guidance for Member States on preparing and submitting BTV applications; Annex provides detailed prompts mapped to the Areas of Evaluation.,IGO toolkit,Global,Yes,"With the vision of making tourism a positive force for transformation, rural development and community wellbeing, the Best Tourism Villages by UN Tourism initiative seeks to advance the role of tourism in valuing and safeguarding rural villages along with their associated landscapes, knowledge systems, biological and cultural diversity, local values and activities.",p.26 (back page),SUS|DEV|CUL,Yes,"Annex 1 details itemised prompts across Areas of Evaluation (e.g., A.1 Cultural & Natural Resources; A.8 Infrastructure & Connectivity; A.9 Health, Safety & Security) to structure evidence submission.","Annex 1, pp.17–24",DEV|SUS|GOV|EQU,"Vision emphasises transformation, rural development, community wellbeing; safeguarding landscapes, knowledge systems, and cultural–biological diversity.",p.26,Introduction; LR (policy/benchmark frameworks),Excluded from PRISMA counts/statistics; used to triangulate definitions/criteria. :contentReference[oaicite:2]{index=2}
GA-028,UN Tourism. (2024). The Initiative — Best Tourism Villages: Objectives & Overview. https://tourism-villages.unwto.org/en/the-initiative/,2024,"Official web overview of BTV’s objectives and People–Prosperity–Planet framing; summarises aims, governance and application pathway.",Policy web page,Global,Partial,"OBJECTIVES — PEOPLE | PROSPERITY | PLANET (e.g., “Reduce regional inequalities in income and development,” “Fight rural depopulation,” “Strengthen multi-level-governance… and the active involvement of communities”).",Objectives section (web),DEV|SUS|GOV|LIV,Yes,"Positions evaluation within a 3-pillar (People–Prosperity–Planet) frame linking social inclusion, economic vitality and environmental stewardship.",Web sections,DEV|SUS|GOV|LIV,"Objectives emphasise inclusion, rural transformation and multi-level governance.",Web,Introduction; LR (policy/benchmark frameworks),Use brand “UN Tourism” (post-2024 rebrand). Excluded from PRISMA counts/statistics. :contentReference[oaicite:3]{index=3}
,,,,,,,,,,,,,,,,,
,,,,,,,,,,,,,,,,,
,,,,,,,,,,,,,,,,,
,,,,,,,,,,,,,,,,,
,,,,,,,,,,,,,,,,,
"Instruction to AI:
You are a research assistant coding “grey-literature anchors” for a scoping review of tourism villages / CBT. For each source text, extract minimal structured information into JSON following the schema below.

Schema (per document)
{
  ""anchor_id"": ""GA-XXX"",
  ""source_type"": ""Govt report | IGO toolkit | NGO guide | Thesis | Policy framework | Classic report"",
  ""region_scope"": ""Global | Region | Country (concise description)"",
  ""definition_status"": ""Yes | Partial | No"",
  ""verbatim_definition"": ""Exact quotation of definition; if Partial, quote criteria that function as definition"",
  ""def_pages"": ""page/section reference"",
  ""def_components"": ""TERR|GOV|OWN|LIV|HER|NAT|EXP|SUS|NET|ACC (multi, pipe-separated, only if explicit)"",
  ""typology_status"": ""Yes | Partial | No"",
  ""typology_summary"": ""≤3 lines summary of classes/criteria"",
  ""typology_pages"": ""page/section reference"",
  ""purpose_tokens"": ""DEV|LIV|SUS|CUL|GOV|EQU|MAR|RES (max 3, multi allowed)"",
  ""purpose_quote"": ""One representative quotation of stated purpose/function"",
  ""purpose_pages"": ""page/section reference"",
  ""used_in_text"": ""Yes | No (whether this anchor is explicitly cited in the main manuscript text)"",
  ""notes"": ""≤2 lines of context/clarifications (e.g., widely cited; base UNWTO indicators)""
}

Rules

Do not invent content: if missing, record ""No"" and leave verbatim/quote empty.

Always include page/section references where visible.

Copy verbatim text exactly, with quotation marks.

Purpose tokens must be chosen from the controlled vocabulary only.

Keep notes concise.",,,,,,,,,,,,,,,,,
X01,,,,Policy framework,Country (Indonesia),Yes,"Desa Wisata adalah suatu bentuk integrasi antara atraksi, akomodasi dan fasilitas pendukung yang disajikan dalam suatu struktur kehidupan masyarakat yang menyatu dengan tata cara dan tradisi yang berlaku.","Lampiran, p. 7, E.4",TERR|LIV|HER|EXP,Yes,"Classifies development models based on the central catalyst: a) a major tourist attraction driving surrounding villages; b) a core tourism village driving supporting villages; c) a commercial tourism enterprise (e.g., hotel) driving linked supplier villages.","Lampiran, pp. 9-11, F.2",DEV|LIV|GOV,"Tujuan utama PNPM Mandiri Pariwisata adalah meningkatkan kemampuan, menciptakan lapangan kerja dan usaha masyarakat di sektor pariwisata yang secara khusus dijabarkan sebagai berikut: 1. meningkatkan keberdayaan dan kemandirian masyarakat, dan kelompok peduli setempat dalam menanggulangi kemiskinan di wilayahnya;","Lampiran, p. 5, B",No,Establishes national guidelines for a poverty alleviation program via tourism villages (PNPM Mandiri Pariwisata). Supersedes regulation PM.56/UM.303/MKP/2008.
X02,,,,Policy framework,Country (Indonesia),Yes,"Desa Wisata adalah suatu bentuk integrasi antara atraksi, akomodasi dan fasilitas pendukung yang disajikan dalam suatu struktur kehidupan masyarakat yang menyatu dengan tata cara dan tradisi yang berlaku.",p. 6,TERR|LIV|HER|EXP|ACC,Yes,"Defines 3 cluster models for community empowerment in tourism: 1) A tourism village as the development catalyst for surrounding villages; 2) A tourist attraction as the catalyst for surrounding villages; 3) A tourism business (e.g., hotel) as the catalyst for surrounding villages.",p. 11-15,DEV|LIV|GOV,"meningkatkan keberdayaan dan kemandirian masyarakat, dan keswadayaan setempat dalam menanggulangi kemiskinan di wilayahnya melalui usaha kepariwisataan",p. 3,No,Official guidelines for Indonesia's National Program for Community Empowerment (PNPM) in the tourism sector. Outlines a cluster-based approach.
X03,,,,Govt report,Country (Indonesia),Yes,"Sebuah desa dapat diakui sebagai desa wisata apabila desa tersebut memiliki potensi sebagai destinasi wisata berlandaskan komunitas, kearifan lokal kultural masyarakatnya, dan sebagai bentuk peningkatan ekonomi.",p. 5,TERR|GOV|HER|LIV,Yes,"Presents seven assessment categories for the 'Anugerah Desa Wisata Indonesia 2021' award: CHSE (Cleanliness, Health, Safety, and Environmental Sustainability), Digital Village, Souvenirs (Culinary, Fashion, Crafts), Tourist Attractions (Nature, Culture, Artificial), Creative Content, Homestay, and Toilets.",p. 2,DEV|LIV|MAR,"Anugerah Desa Wisata 2021 memiliki tujuan untuk menjadikan desa wisata Indonesia sebagai destinasi pariwisata bertaraf Internasional yang mampu untuk mendorong pembangunan daerah, kesejahteraan masyarakat dan sebagai ajang promosi desa wisata kepada wisatawan domestik maupun mancanegara.",p. 5,No,"An e-magazine from the Indonesian Ministry of Tourism and Creative Economy, promoting the national 'Anugerah Desa Wisata Indonesia 2021' (Indonesian Tourism Village Award) program."
X04,,,,Policy framework,Country (Indonesia),Yes,"Desa Wisata adalah wilayah administratif desa yang memiliki potensi dan keunikan daya tarik wisata yang khas, yaitu merasakan pengalaman keunikan kehidupan dan tradisi masyarakat di perdesaan dengan segala kondisi, potensi, dan keunikannya.","Lampiran, p. 7, D.2",TERR|LIV|HER|EXP,No,NA,NA,EQU|LIV|DEV,"memperkuat peran dan partisipasi aktif perempuan di desa utamanya di bidang ekonomi, lingkungan dan sosial budaya, sehingga terwujud Desa Wisata Ramah Perempuan yang berdaya saing, berkelanjutan dan inklusif;","Lampiran, p. 7, B.2.a",No,"Joint ministerial decree establishing national guidelines for Woman-Friendly Tourism Villages, focusing on gender equality and women's empowerment."
X05,,,,Govt report,Country (Indonesia),Yes,"Desa wisata (Kampung, Nagari, Gampong, atau sebutan lainnya) adalah kawasan yang memiliki potensi dan keunikan daya tarik wisata yang khas yaitu merasakan pengalaman keunikan kehidupan dan tradisi masyarakat di perdesaan dengan segala potensinya.",p. 29,TERR|EXP|LIV|HER,Yes,"Presents two typologies: 1) Thematic, based on primary attraction (nature, local culture, creative industry, or a combination); 2) Developmental stage (Pioneer, Developing, Advanced, Independent) based on management maturity and capacity.","p. 30 (thematic), pp. 42-43 (developmental)",DEV|LIV|SUS,"...peluang bagi desa untuk menjadikan desa lebih maju, Mandiri dan sejatera sebagaimana diamanatkan dalam Undang-Undang Nomor 6 Tahun 2014 tentang Desa, melalui pengembangan wisata alam atau budaya lokal desa...",p. 9,No,"Comprehensive multi-ministerial guideline (2nd ed.) covering concepts, development strategy, governance, and digitalization for tourism villages in Indonesia."
X06,,,,Policy framework,Country (Indonesia),Yes,"Desa Wisata (Kampung, Nagari, Gampong atau sebutan lainnya) adalah kawasan yang memiliki potensi dan keunikan daya tarik wisata yang khas yaitu merasakan pengalaman keunikan kehidupan dan tradisi masyarakat di perdesaan dengan segala potensinya.","Lampiran, p. 13",TERR|LIV|HER|EXP|NAT|GOV|ACC,Yes,"Classifies tourism villages into four developmental stages based on indicators like market recognition, infrastructure, community capacity, and management: Rintisan (Pioneer), Berkembang (Developing), Maju (Advanced), and Mandiri (Independent).","Lampiran, p. 37",DEV|LIV|SUS,Pengembangan desa wisata diharapkan dapat menjadi lokomotif pengungkit perekonomian di sektor pariwisata yang berprinsip gotong royong dan berkelanjutan.,"Lampiran, p. 13",No,Official 2020-2024 Strategic Plan (Renstra) for the Ministry of Tourism and Creative Economy. Replaces the previous 2020 version to align with new regulations.
